<?xml version="1.0" encoding="UTF-8"?>
<!DOCTYPE mapper PUBLIC "-//mybatis.org//DTD Mapper 3.0//EN" "http://mybatis.org/dtd/mybatis-3-mapper.dtd">
<mapper namespace="SystemDept">

    <select id="selectDeptList" parameterType="string" resultType="com.koreanair.ksms.system.dto.TbSysDeptDto">
        select *
        from tb_sys_dept
        <where>
            <if test = "searchWord != null and searchWord != ''">
                (
                dept_cd like '%'||#{searchWord}||'%' or
                name_kor like '%'||#{searchWord}||'%' or
                name_eng like '%'||#{searchWord}||'%'
                )
            </if>
        </where>
        order by dept_cd
    </select>

    <select id="selectDeptTree" parameterType="string" resultType="com.koreanair.ksms.system.dto.TbSysDeptDto">
        with recursive dept_tree(dept_cd, upper_dept_cd, name_kor, name_eng, tree_type, sort_order, level, path)
        as (
        select a.dept_cd, a.upper_dept_cd, a.name_kor, a.name_eng, a.tree_type, a.sort_order, 0 as level, array[trim(a.dept_cd)]
        from tb_sys_dept a
        where a.dept_cd = 'KAL'

        union all

        select a.dept_cd, a.upper_dept_cd, a.name_kor, a.name_eng, a.tree_type, a.sort_order, t.level + 1 as level, t.path||trim(a.sort_order||a.dept_cd)
        from tb_sys_dept a
        join dept_tree t on a.upper_dept_cd = t.dept_cd
        where a.upper_dept_cd != '0'
        )
        select dept_cd, upper_dept_cd, name_kor, name_eng, tree_type, sort_order, level
        from dept_tree
        order by path
    </select>

    <select id="selectDept" parameterType="int" resultType="com.koreanair.ksms.system.dto.TbSysDeptDto">
        select *
        from tb_sys_dept
        where dept_id = #{deptId}
    </select>
</mapper>
