<?xml version="1.0" encoding="UTF-8"?>
<!DOCTYPE mapper PUBLIC "-//mybatis.org//DTD Mapper 3.0//EN" "http://mybatis.org/dtd/mybatis-3-mapper.dtd">
<mapper namespace="SystemCode">

    <select id="selectCodeGroupList" parameterType="map" resultType="com.koreanair.ksms.system.dto.TbSysCodeGroupDto">
        select *
        from tb_sys_code_group
        where 1=1
        <if test = "searchWord != null and searchWord != ''">
            and (
            code_grp_id like '%'||#{searchWord}||'%' or
            code_grp_name_kor like '%'||#{searchWord}||'%' or
            code_grp_name_eng like '%'||#{searchWord}||'%' or
            remark like '%'||#{searchWord}||'%'
            )
        </if>
        <if test = "workScope != null and workScope != ''">
            and work_scope = #{workScope}
        </if>
        order by code_grp_id
    </select>

    <select id="selectCodeGroup" parameterType="string" resultType="com.koreanair.ksms.system.dto.TbSysCodeGroupDto">
        select *
          from tb_sys_code_group
         where code_grp_id = #{codeGrpId}
    </select>

    <insert id="insertCodeGroup" parameterType="com.koreanair.ksms.system.dto.TbSysCodeGroupDto">
        insert into tb_sys_code_group (
            code_grp_id
           ,work_scope
           ,code_grp_name_kor
           ,code_grp_name_eng
           ,use_yn
           ,remark
        ) values (
            #{codeGrpId}
            ,#{workScope}
            ,#{codeGrpNameKor}
            ,#{codeGrpNameEng}
            ,#{useYn}
            ,#{remark}
        )
    </insert>

    <update id="updateCodeGroup" parameterType="com.koreanair.ksms.system.dto.TbSysCodeGroupDto">
        update tb_sys_code_group
           set work_scope = #{workScope}
              ,code_grp_name_kor = #{codeGrpNameKor}
              ,code_grp_name_eng = #{codeGrpNameEng}
              ,use_yn = #{useYn}
              ,remark = #{remark}
        where code_grp_id = #{codeGrpId}
    </update>

    <delete id="deleteCodeGroup" parameterType="string">
        delete from tb_sys_code where code_grp_id = #{codeGrpId};
        delete from tb_sys_code_group where code_grp_id = #{codeGrpId};
    </delete>


    <select id="selectCodeList" parameterType="string" resultType="com.koreanair.ksms.system.dto.TbSysCodeDto">
        select *
        from tb_sys_code
        where code_grp_id = #{codeGrpId}
        order by sort_order
    </select>

    <select id="selectCode" parameterType="com.koreanair.ksms.system.dto.TbSysCodeDto" resultType="com.koreanair.ksms.system.dto.TbSysCodeDto">
        select *
        from tb_sys_code
        where code_grp_id = #{codeGrpId}
        and code_id = #{codeId}
    </select>

    <insert id="insertCode" parameterType="com.koreanair.ksms.system.dto.TbSysCodeDto">
        insert into tb_sys_code (
            code_grp_id
            , code_id
            , code_name_kor
            , code_name_eng
            , code_field1
            , code_field2
            , code_field3
            , code_field4
            , code_field5
            , sort_order
            , use_yn
            , remark
        ) values (
            #{codeGrpId}
            , #{codeId}
            , #{codeNameKor}
            , #{codeNameEng}
            , #{codeField1}
            , #{codeField2}
            , #{codeField3}
            , #{codeField4}
            , #{codeField5}
            , #{sortOrder}
            , #{useYn}
            , #{remark}
        )
    </insert>

    <update id="updateCode" parameterType="com.koreanair.ksms.system.dto.TbSysCodeDto">
        UPDATE tb_sys_code
        SET   code_name_kor = #{codeNameKor}
            , code_name_eng = #{codeNameEng}
            , code_field1 = #{codeField1}
            , code_field2 = #{codeField2}
            , code_field3 = #{codeField3}
            , code_field4 = #{codeField4}
            , code_field5 = #{codeField5}
            , sort_order = #{sortOrder}
            , use_yn = #{useYn}
            , remark = #{remark}
        WHERE code_grp_id = #{codeGrpId}
        AND code_id = #{codeId}
    </update>

    <delete id="deleteCode" parameterType="com.koreanair.ksms.system.dto.TbSysCodeDto">
        delete from tb_sys_code where code_grp_id = #{codeGrpId} and code_id = #{codeId}
    </delete>

    <delete id="deleteCodeAll" parameterType="string">
        delete from tb_sys_code where code_grp_id = #{codeGrpId}
    </delete>

    <insert id="insertCodeAll" parameterType="map">
        insert into tb_sys_code (
        code_grp_id
        ,code_id
        ,code_name_kor
        ,code_name_eng
        ,code_field1
        ,code_field2
        ,code_field3
        ,code_field4
        ,code_field5
        ,sort_order
        ,use_yn
        ,remark
        ) values
        <foreach collection="list" item="item" separator=" , ">
            (
            #{codeGrpId}
            ,#{item.codeId}
            ,#{item.codeNameKor}
            ,#{item.codeNameEng}
            ,#{item.codeField1}
            ,#{item.codeField2}
            ,#{item.codeField3}
            ,#{item.codeField4}
            ,#{item.codeField5}
            ,#{item.sortOrder}
            ,#{item.useYn}
            ,#{item.remark}
            )
        </foreach>
    </insert>
</mapper>
