<?xml version="1.0" encoding="UTF-8"?>
<!DOCTYPE mapper PUBLIC "-//mybatis.org//DTD Mapper 3.0//EN" "http://mybatis.org/dtd/mybatis-3-mapper.dtd">
<mapper namespace="SystemMenu">

    <select id="selectMenuList" parameterType="string" resultType="map">
        with recursive menu_tree(menu_id, upper_menu_id, name_kor, name_eng, menu_url, tree_type, sort_order, level, path, sort)
        as (
        select a.menu_id, a.upper_menu_id, a.name_kor, a.name_eng, a.menu_url, a.tree_type, a.sort_order, 0 as level, array[trim(a.menu_id)], '0' as sort
        from tb_sys_menu a
        where a.upper_menu_id = '0'
        and a.use_yn = 'Y'

        union all

        select a.menu_id, a.upper_menu_id, a.name_kor, a.name_eng, a.menu_url, a.tree_type, a.sort_order, t.level + 1 as level, t.path||trim(a.sort_order||a.menu_id), t.sort||trim(a.sort_order||a.menu_id) as sort
        from tb_sys_menu a
        join menu_tree t on a.upper_menu_id = t.menu_id
        where a.use_yn = 'Y'
        and a.upper_menu_id != '0'
        and a.work_scope = #{workScope}
        )
        select t1.menu_id as "menuId"
        , t1.upper_menu_id as "upperMenuId"
        , t1.name_kor as "nameKor"
        , t1.name_eng as "nameEng"
        , t1.menu_url as "menuUrl"
        , t1.tree_type as "treeType"
        , t1.sort_order as "sortOrder"
        , t1.level
        , t1.sort
        , #{workScope} as "workScope"
        , t2.name_chn as "nameChn"
        , t2.name_chn as "nameJpn"
        , t2.name_chn as "nameEtc"
        , t2.sort_order as "sortOrder"
        , t2.use_yn as "useYn"
        , t2.remark as "remark"
        from menu_tree t1
        inner join tb_sys_menu t2 on t1.menu_id = t2.menu_id
        order by path
    </select>

    <select id="selectMenu" parameterType="string" resultType="com.koreanair.ksms.system.dto.TbSysMenuDto">
        select *
          from tb_sys_menu
         where menu_id = #{menuId}
    </select>

    <insert id="insertMenu" parameterType="com.koreanair.ksms.system.dto.TbSysMenuDto">
        INSERT INTO public.tb_sys_menu (
          menu_id
        , work_scope
        , name_kor
        , name_eng
        , name_chn
        , name_jpn
        , name_etc
        , tree_type
        , upper_menu_id
        , sort_order
        , menu_url
        , use_yn
        , remark
        ) VALUES (
          #{menuId}
        , #{workScope}
        , #{nameKor}
        , #{nameEng}
        , #{nameChn}
        , #{nameJpn}
        , #{nameEtc}
        , #{treeType}
        , #{upperMenuId}
        , #{sortOrder}
        , #{menuUrl}
        , #{useYn}
        , #{remark}
        )
    </insert>

    <update id="updateMenu" parameterType="com.koreanair.ksms.system.dto.TbSysMenuDto">
        UPDATE public.tb_sys_menu
        SET work_scope = #{workScope}
        , name_kor = #{nameKor}
        , name_eng = #{nameEng}
        , name_chn = #{nameChn}
        , name_jpn = #{nameJpn}
        , name_etc = #{nameEtc}
        , tree_type = #{treeType}
        , upper_menu_id = #{upperMenuId}
        , sort_order = #{sortOrder}
        , menu_url = #{menuUrl}
        , use_yn = #{useYn}
        , remark = #{remark}
        WHERE menu_id = #{menuId}
    </update>

    <delete id="deleteMenu" parameterType="string">
        delete from tb_sys_menu where menu_id = #{menuId}
    </delete>
</mapper>
