<?xml version="1.0" encoding="UTF-8"?>
<!DOCTYPE mapper PUBLIC "-//mybatis.org//DTD Mapper 3.0//EN" "http://mybatis.org/dtd/mybatis-3-mapper.dtd">
<mapper namespace="SystemMessage">

    <select id="selectMessageList" parameterType="string" resultType="com.koreanair.ksms.system.dto.TbSysMessageDto">
        select msg_key
            ,msg_kor
            ,msg_eng
            ,msg_chn
            ,msg_jpn
            ,msg_etc
        from tb_sys_message
        <where>
            <if test = "searchWord != null and searchWord != ''">
                (
                msg_key like '%'||#{searchWord}||'%' or
                msg_kor like '%'||#{searchWord}||'%' or
                msg_eng like '%'||#{searchWord}||'%' or
                msg_chn like '%'||#{searchWord}||'%' or
                msg_jpn like '%'||#{searchWord}||'%' or
                msg_etc like '%'||#{searchWord}||'%'
                )
            </if>
        </where>
        order by msg_key
    </select>

    <select id="selectMessage" parameterType="string" resultType="com.koreanair.ksms.system.dto.TbSysMessageDto">
        select msg_key
            ,msg_kor
            ,msg_eng
            ,msg_chn
            ,msg_jpn
            ,msg_etc
        from tb_sys_message
        where msg_key = #{messageId}
    </select>

    <insert id="insertMessage" parameterType="com.koreanair.ksms.system.dto.TbSysMessageDto">
        insert into tb_sys_message (
            msg_key
           ,msg_kor
           ,msg_eng
           ,msg_chn
           ,msg_jpn
           ,msg_etc
           ,reg_user_id
           ,upd_user_id
        ) values (
            #{msgKey}
           ,#{msgKor}
           ,#{msgEng}
           ,#{msgChn}
           ,#{msgJpn}
           ,#{msgEtc}
           ,#{regUserId}
           ,#{updUserId}
        )
    </insert>

    <update id="updateMessage" parameterType="com.koreanair.ksms.system.dto.TbSysMessageDto">
        update tb_sys_message
        set msg_kor = #{msgKor}
           ,msg_eng = #{msgEng}
           ,msg_chn = #{msgChn}
           ,msg_jpn = #{msgJpn}
           ,msg_etc = #{msgEtc}
           ,upd_user_id = #{updUserId}
           ,upd_dttm = now()
        where msg_key = #{msgKey}
    </update>

    <delete id="deleteMessage" parameterType="string">
        delete from tb_sys_message where msg_key = #{messageId}
    </delete>
</mapper>
