<configuration>
    <appender name="STDOUT" class="ch.qos.logback.core.ConsoleAppender">
        <encoder>
            <pattern>%d{yyyyMMdd HH:mm:ss.SSS} [%thread] %-3level %logger{5} - %msg %n</pattern>
        </encoder>
    </appender>
    <appender name="JSONOUT" class="ch.qos.logback.core.ConsoleAppender">
        <layout class="ch.qos.logback.contrib.json.classic.JsonLayout">
            <jsonFormatter class="ch.qos.logback.contrib.jackson.JacksonJsonFormatter"/>
            <timestampFormat>yyyy-MM-dd HH:mm:ss.SSS</timestampFormat>
            <appendLineSeparator>true</appendLineSeparator>
            <includeContextName>false</includeContextName>
        </layout>
    </appender>

    <logger name="jdbc" level="OFF"/>

    <logger name="jdbc.sqlonly" level="OFF"/>
    <logger name="jdbc.sqltiming" level="DEBUG"/>
    <logger name="jdbc.audit" level="OFF"/>
    <logger name="jdbc.resultset" level="OFF"/>
    <logger name="jdbc.resultsettable" level="OFF"/>
    <logger name="jdbc.connection" level="OFF"/>

    <logger name="com.zaxxer.hikari.pool.HikariPool" level="OFF"/>
    <logger name="org.apache.tomcat.util.compat.Jre22Compat" level="OFF"/>

    <springProfile name="default,local">
        <root level="INFO">
            <appender-ref ref="STDOUT"/>
        </root>
    </springProfile>

    <springProfile name="dev,stg,prd,dr">
        <root level="INFO">
            <appender-ref ref="JSONOUT" />
        </root>
    </springProfile>

</configuration>