<?xml version="1.0" encoding="UTF-8"?>
<!DOCTYPE mapper PUBLIC "-//mybatis.org//DTD Mapper 3.0//EN" "http://mybatis.org/dtd/mybatis-3-mapper.dtd">
<mapper namespace="AvnSafetyManual">
    <!--  안전매뉴얼 목록 조회  -->
    <select id="selectSafetyManualList" parameterType="com.koreanair.ksms.common.dto.TbAvnManualDto" resultType="com.koreanair.ksms.common.dto.TbAvnManualDto">
        select 	(ROW_NUMBER() OVER(order by tm.upd_dttm desc)) as num	--순번
            ,tm.manual_id											--매뉴얼ID
            ,(
                select code_name_kor
                from tb_sys_code tsc
                where tsc.code_grp_id = 'CODE_GRP_148'
                and tsc.code_id = tm.job_type
            ) as job_type											--업무구분
            ,to_date('20'||revision_dt, 'YYYYMMDD') as revision_dt 	--개정일자
            ,tm.manual_name											--매뉴얼명
            ,(
                select code_name_kor
                from tb_sys_code tsc
                where tsc.code_grp_id = 'CODE_GRP_147'
                and tsc.code_id = tm.language_type
            ) as language_type										--언어구분
            ,tm.notes												--비고
            ,tm.reg_user_id											--등록자ID
            ,tm.reg_dttm											--등록일시
            ,tm.upd_user_id											--수정자ID
            ,tm.upd_dttm 											--수정일시
            from tb_avn_manual tm
        where use_yn = 'Y'
        <if test="jobType != null and jobType != ''">
            and job_type = #{jobType}
        </if>
        <if test="manualName != null and manualName != ''">
            and manual_name like '%'||#{manualName}||'%'
        </if>
        <if test="languageType != null and languageType != ''">
            and language_type = #{languageType}
        </if>
    </select>

    <!--  안전 매뉴얼 상세 조회  -->
    <select id="selectSafetyManualInfo" parameterType="int" resultType="com.koreanair.ksms.common.dto.TbAvnManualDto">
        select
        manual_id                                                   --메뉴얼 ID
        ,job_type                                                   --업무구분
        ,to_date('20'||revision_dt, 'YYYYMMDD')  as revision_dt     --개정일자
        ,manual_name                                                --매뉴얼명
        ,language_type                                              --언어구분
        ,use_yn                                                     --사용여부
        ,notes                                                      --비고
        ,original_file_group_seq                                    --원문첨부파일
        ,new_old_file_group_seq                                     --신구대조표 첨부파일
        from tb_avn_manual tm
        where manual_id = CAST(#{manualId} AS INTEGER)
    </select>
</mapper>