<?xml version="1.0" encoding="UTF-8"?>
<!DOCTYPE mapper PUBLIC "-//mybatis.org//DTD Mapper 3.0//EN" "http://mybatis.org/dtd/mybatis-3-mapper.dtd">
<mapper namespace="AvnBulletinManage">

    <!-- 안전정책 목록 조회 -->
    <select id="selectSafetyPolicisList" parameterType="com.koreanair.ksms.common.dto.TbAvnBoardDto" resultType="com.koreanair.ksms.common.dto.TbAvnBoardDto">
        select (ROW_NUMBER() OVER(order by upd_dttm desc)) as num	    --순번
                ,board_id										        --게시판ID
                ,board_type									            --게시판구분
                ,top_fix_yn									            --상단고정여부
                ,main_show_yn									        --메인표출여부
                ,case when policy_type = 'general' then '일반'
                else 'AMO'
                end as policy_type                                      --정책구분
                ,title_ko										        --제목 국문명
                ,content										        --내용
                ,case when use_yn = 'Y' then '사용'
                else '미사용'
                end as use_yn								            --사용여부
                ,file_group_seq								            --파일그룹SEQ
                ,reg_user_id									        --등록자
                ,to_char(reg_dttm, 'YYYY-MM-DD HH24:MI:SS') as reg_dttm	--등록일시
                ,upd_user_id									        --수정자
                ,to_char(upd_dttm, 'YYYY-MM-DD HH24:MI:SS') as upd_dttm	--수정일시
        from tb_avn_board tb
        where board_type = 'safetypolicy'
        <if test="policyType != null and policyType != ''">
            and policy_type = #{policyType}
        </if>
        <if test="titleKo != null and titleKo != ''">
            and title_ko like '%'||#{titleKo}||'%'
        </if>
        <if test="useYn != null and useYn != ''">
            and use_yn = #{useYn}
        </if>
        order by upd_dttm desc
    </select>

    <!-- 안전정책 신규 등록 -->
    <insert id="insertSafetyPolicy" parameterType="com.koreanair.ksms.common.dto.TbAvnBoardDto">
        insert into tb_avn_board (
            board_type              --게시판 구분
            ,policy_type            --정책 구분
            ,title_ko               --제목
            ,content                --내용
            ,use_yn                 --사용여부
            ,file_group_seq         --파일그룹SEQ
            ,reg_user_id            --작성자ID
            ,reg_dttm               --작성일시
            ,upd_user_id            --수정자ID
            ,upd_dttm               --수정일시
        ) values (
            'safetypolicy'
            ,#{policyType}
            ,#{titleKo}
            ,#{content}
            ,#{useYn}
            ,#{fileGroupSeq}
            ,#{regUserId}
            ,now()
            ,#{updUserId}
            ,now()
        );
    </insert>

    <!-- 안전정책 상세 -->
    <select id="selectSafetyPolicy" parameterType="int" resultType="com.koreanair.ksms.common.dto.TbAvnBoardDto">
        select  board_id										--게시판ID
                ,board_type									    --게시판구분
                ,policy_type                                    --정책구분
                ,title_ko										--제목 국문명
                ,content										--내용
                ,use_yn								            --사용여부
                ,file_group_seq								    --파일그룹SEQ
        from tb_avn_board tb
        where board_id = CAST(#{boardId} AS INTEGER)
          and board_type = 'safetypolicy'
    </select>

    <!-- 안전정책 수정 -->
    <update id="updateSafetyPolicy" parameterType="com.koreanair.ksms.common.dto.TbAvnBoardDto">
        update tb_avn_board
        set title_ko        = #{titleKo}
            ,content        = #{content}
            ,use_yn         = #{useYn}
            ,file_group_seq = #{fileGroupSeq}
            ,upd_user_id    = #{updUserId}
            ,upd_dttm       = now()
        where board_id      = #{boardId}
        and   board_type = 'safetypolicy'
    </update>

    <!-- 안전정책 삭제 -->
    <delete id="deleteSafetyPolicy" parameterType="int">
        delete from tb_avn_board
        where board_id = CAST(#{boardId} AS INTEGER)
        and board_type = 'safetypolicy'
    </delete>

    <!--  안전매뉴얼 목록 조회  -->
    <select id="selectManualList" parameterType="com.koreanair.ksms.common.dto.TbAvnManualDto" resultType="com.koreanair.ksms.common.dto.TbAvnManualDto">
        select 	(ROW_NUMBER() OVER(order by tm.upd_dttm desc)) as num	--순번
                ,tm.manual_id											--매뉴얼ID
                ,(
                    select code_name_kor
                    from tb_sys_code tsc
                    where tsc.code_grp_id = 'CODE_GRP_148'
                    and tsc.code_id = tm.job_type
                ) as job_type											--업무구분
                ,to_date('20'||revision_dt, 'YYYYMMDD') as revision_dt 	--개정일자
                ,tm.manual_name											--매뉴얼명
                ,(
                    select code_name_kor
                    from tb_sys_code tsc
                    where tsc.code_grp_id = 'CODE_GRP_147'
                    and tsc.code_id = tm.language_type
                ) as language_type										--언어구분
                ,(
                    select code_name_kor
                    from tb_sys_code tsc
                    where tsc.code_grp_id = 'CODE_GRP_146'
                    and tsc.code_id = tm.use_yn
                ) as use_yn												--사용여부
                ,tm.notes												--비고
                ,tm.original_file_group_seq								--원문 첨부파일
                ,tm.new_old_file_group_seq								--신구대조표 첨부파일
                ,tm.reg_user_id											--등록자ID
                ,tm.reg_dttm											--등록일시
                ,tm.upd_user_id											--수정자ID
                ,tm.upd_dttm 											--수정일시
        from tb_avn_manual tm
        where 1=1
        <if test="jobType != null and jobType != ''">
            and job_type = #{jobType}
        </if>
        <if test="manualName != null and manualName != ''">
            and manual_name like '%'||#{manualName}||'%'
        </if>
        <if test="languageType != null and languageType != ''">
            and language_type = #{languageType}
        </if>
        <if test="useYn != null and useYn != ''">
            and use_yn = #{useYn}
        </if>
    </select>

    <!--  안전 매뉴얼 신규 등록  -->
    <insert id="insertManual" parameterType="com.koreanair.ksms.common.dto.TbAvnManualDto">
        insert into tb_avn_manual (
            job_type
            ,revision_dt
            ,manual_name
            ,language_type
            ,use_yn
            ,notes
            ,original_file_group_seq
            ,new_old_file_group_seq
            ,reg_user_id
            ,reg_dttm
            ,upd_user_id
            ,upd_dttm
        ) values(
            #{jobType}
            ,#{revisionDt}
            ,#{manualName}
            ,#{languageType}
            ,#{useYn}
            ,#{notes}
            ,null
            ,null
            ,#{regUserId}
            ,now()
            ,#{updUserId}
            ,now()
        )
    </insert>

    <!--  안전 매뉴얼 상세 조회  -->
    <select id="selectManualInfo" parameterType="int" resultType="com.koreanair.ksms.common.dto.TbAvnManualDto">
        select
            manual_id                                                   --메뉴얼 ID
            ,job_type                                                   --업무구분
            ,to_date('20'||revision_dt, 'YYYYMMDD')  as revision_dt     --개정일자
            ,manual_name                                                --매뉴얼명
            ,language_type                                              --언어구분
            ,use_yn                                                     --사용여부
            ,notes                                                      --비고
            ,original_file_group_seq                                    --원문첨부파일
            ,new_old_file_group_seq                                     --신구대조표 첨부파일
        from tb_avn_manual tm
        where manual_id = CAST(#{manualId} AS INTEGER)
    </select>

    <!--  안전 매뉴얼 수정  -->
    <update id="updateManual" parameterType="com.koreanair.ksms.common.dto.TbAvnManualDto">
        update tb_avn_manual
        set manual_name 	     = #{manualName}
        ,language_type 			 = #{languageType}
        ,use_yn 				 = #{useYn}
        ,notes					 = #{notes}
        ,original_file_group_seq = null
        ,new_old_file_group_seq	 = null
        ,upd_user_id    = #{updUserId}
        ,upd_dttm       = now()
        where manual_id = CAST(#{manualId} AS INTEGER)
    </update>

    <!--  안전 매뉴얼 삭제  -->
    <delete id="deleteManual" parameterType="int">
        delete from tb_avn_manual where manual_id = #{manualId}
    </delete>

</mapper>
