<?xml version="1.0" encoding="UTF-8"?>
<!DOCTYPE mapper PUBLIC "-//mybatis.org//DTD Mapper 3.0//EN" "http://mybatis.org/dtd/mybatis-3-mapper.dtd">
<mapper namespace="AvnCriteriaManage">
    <select id="selectConsequenceList" parameterType="com.koreanair.ksms.common.dto.TbAvnConsequenceDto" resultType="com.koreanair.ksms.common.dto.TbAvnConsequenceDto">
        <!-- Potential Consequence 목록 조회 -->
        select (ROW_NUMBER() OVER(order by view_order desc)) as num   -- 순번
                ,consequence_id                                     -- 잠재결과 ID
                ,report_type                                        -- Report Type
                ,name_ko                                            -- 장재적결과 국문명
                ,name_en                                            -- 잠재적결과 영문명
                ,view_order                                         -- 표시순서 (-1은 표시하지 않음, 0부터 시작)
                ,use_yn                                             -- 활성/비활성화 상태
                ,notes                                              -- 비고
                ,reg_user_id                                        -- 등록자 사번
                ,reg_dttm                                           -- 등록일시
                ,upd_user_id                                        -- 수정자 사번
                ,upd_dttm                                           -- 수정일시
                ,del_user_id                                        -- 삭제자 사번
                ,del_dttm                                           -- 삭제일시
        from tb_avn_consequence
        where 1=1
        <if test="reportType != null and reportType != ''">
            and report_type = #{reportType}
        </if>
        <if test="nameKo != null and nameKo != ''">
            and name_ko like '%'||#{nameKo}||'%'
        </if>
        <if test="nameEn != null and nameEn != ''">
            and name_en like '%'||#{nameEn}||'%'
        </if>
        <if test="useYn != null and useYn != ''">
            and use_yn = #{useYn}
        </if>
        order by view_order desc
    </select>

    <insert id="insertPotentialConsequence" parameterType="com.koreanair.ksms.common.dto.TbAvnConsequenceDto">
        <!-- Potential Consequence 신규 등록 -->
        insert into tb_avn_consequence (
            report_type
            ,name_ko
            ,name_en
            ,use_yn
            ,notes
            ,reg_user_id
            ,reg_dttm
            ,upd_user_id
            ,upd_dttm
        ) values (
            #{reportType}
            ,#{nameKo}
            ,#{nameEn}
            ,#{useYn}
            ,#{notes}
            ,'test'
            ,now()
            ,'test'
            ,now()
        );
    </insert>

    <select id="selectConsequenceDetail" parameterType="String" resultType="com.koreanair.ksms.common.dto.TbAvnConsequenceDto">
        <!-- Potential Consequence 상세 조회 -->
        select consequence_id
                ,report_type
                ,name_ko
                ,name_en
                ,use_yn
                ,notes
        from tb_avn_consequence
        where consequence_id = CAST(#{consequenceId} AS INTEGER)
    </select>

    <update id="updatePotentialConsequence" parameterType="com.koreanair.ksms.common.dto.TbAvnConsequenceDto">
        <!-- Potential Consequence 수정 -->
        update tb_avn_consequence
        set report_type = #{reportType}
            ,name_ko = #{nameKo}
            ,name_en = #{nameEn}
            ,use_yn = #{useYn}
            ,notes = #{notes}
            ,upd_user_id = 'test'
            ,upd_dttm = now()
        where consequence_id = #{consequenceId}
    </update>

    <delete id="deletePotentialConsequence" parameterType="String">
        <!-- Potential Consequence 삭제 -->
        delete from tb_avn_consequence
        where consequence_id = CAST(#{consequenceId} AS INTEGER)
    </delete>

    <select id="selectTaxonomyList" parameterType="com.koreanair.ksms.common.dto.TbAvnHazardLv3Dto" resultType="com.koreanair.ksms.common.dto.TbAvnHazardLv3Dto">

    </select>
</mapper>
