<?xml version="1.0" encoding="UTF-8"?>
<!DOCTYPE mapper PUBLIC "-//mybatis.org//DTD Mapper 3.0//EN" "http://mybatis.org/dtd/mybatis-3-mapper.dtd">
<mapper namespace="AvnBulletinManage">
    <select id="selectSafetyPolicisList" parameterType="com.koreanair.ksms.avn.admin.dto.TbBoardDto" resultType="com.koreanair.ksms.avn.admin.dto.TbBoardDto">
        <!-- 안전정책 목록 조회 -->
        select (ROW_NUMBER() OVER(order by upd_dttm desc)) as num					            --순번
                ,board_id										        --게시판ID
                ,board_type									            --게시판구분
                ,top_fix_yn									            --상단고정여부
                ,main_show_yn									        --메인표출여부
                ,case when policy_type = 'general' then '일반'
                else 'AMO'
                end as policy_type                                      --정책구분
                ,title_ko										        --제목 국문명
                ,content										        --내용
                ,case when use_yn = 'Y' then '사용'
                else '미사용'
                end as use_yn								            --사용여부
                ,file_group_seq								            --파일그룹SEQ
                ,reg_user_id									        --등록자
                ,to_char(reg_dttm, 'YYYY-MM-DD HH24:MI:SS') as reg_dttm	--등록일시
                ,upd_user_id									        --수정자
                ,to_char(upd_dttm, 'YYYY-MM-DD HH24:MI:SS') as upd_dttm	--수정일시
        from tb_board tb
        where board_type = 'safetypolicy'
        <if test="policyType != null and policyType != ''">
            and policy_type = #{policyType}
        </if>
        <if test="titleKo != null and titleKo != ''">
            and title_ko like '%'||#{titleKo}||'%'
        </if>
        <if test="useYn != null and useYn != ''">
            and use_yn = #{useYn}
        </if>
        order by upd_dttm desc
    </select>

    <insert id="insertSafetyPolicy" parameterType="com.koreanair.ksms.avn.admin.dto.TbBoardDto">
        <!-- 안전정책 신규 등록 -->
        insert into tb_board (
            board_type              --게시판 구분
            ,policy_type            --정책 구분
            ,title_ko               --제목
            ,content                --내용
            ,use_yn                 --사용여부
            ,link_group_seq         --파일그룹SEQ
            ,reg_user_id            --작성자ID
            ,reg_dttm               --작성일시
            ,upd_user_id            --수정자ID
            ,upd_dttm               --수정일시
        ) values (
            'safetypolicy'
            ,#{policyType}
            ,#{titleKo}
            ,#{content}
            ,#{useYn}
            ,#{fileGroupSeq}
            ,'test'
            ,now()
            ,'test'
            ,now()
        );
    </insert>

    <select id="selectSafetyPolicy" parameterType="String" resultType="com.koreanair.ksms.avn.admin.dto.TbBoardDto">
        <!-- 안전정책 상세 -->
        select  board_id										--게시판ID
                ,board_type									    --게시판구분
                ,policy_type                                    --정책구분
                ,title_ko										--제목 국문명
                ,content										--내용
                ,use_yn								            --사용여부
                ,file_group_seq								    --파일그룹SEQ
        from tb_board tb
        where board_id = CAST(#{boardId} AS INTEGER)
          and board_type = 'safetypolicy'
    </select>

    <update id="updateSafetyPolicy" parameterType="com.koreanair.ksms.avn.admin.dto.TbBoardDto">
        update tb_board
        set title_ko = #{titleKo}
            ,content = #{content}
            ,use_yn = #{useYn}
            ,file_group_seq = #{fileGroupSeq}
        where board_id  = #{boardId}
        and   board_type = 'safetypolicy'
    </update>

    <delete id="deleteSafetyPolicy" parameterType="String">
        delete from tb_board
        where board_id = CAST(#{boardId} AS INTEGER)
        and board_type = 'safetypolicy'
    </delete>

</mapper>
