<?xml version="1.0" encoding="UTF-8"?>
<!DOCTYPE mapper PUBLIC "-//mybatis.org//DTD Mapper 3.0//EN" "http://mybatis.org/dtd/mybatis-3-mapper.dtd">
<mapper namespace="AvnAuditChecklist">
    <resultMap id="checklistWithChapter" type="com.koreanair.ksms.avn.audit.dto.TBAuditChecklistChapterDto">
        <id property="checklistId" column="checklistId" />
        <result property="checklistOriginId" column="checklistOriginId" />
        <result property="checklistName" column="checklistName" />
        <result property="division" column="division" />
        <collection property="chapters" ofType="map" notNullColumn="chapterId">
            <id property="id" column="chapterId" />
            <result property="chapterOriginId" column="chapterOriginId" />
            <result property="chapterName" column="chapterName" />
            <result property="questionCount" column="checklistQuestionCount" />
        </collection>
    </resultMap>

    <select id="selectAuditChecklist" parameterType="com.koreanair.ksms.avn.audit.dto.TBAuditChecklistDto" resultMap="checklistWithChapter">
        SELECT
                cl.checklist_id as checklistId,
                cl.checklist_orig_id as checklistOriginId,
                cl.list_name as checklistName,
                cl.division as division,
                ch.chapter_id as chapterId,
                ch.chapter_orig_id as chapterOriginId,
                ch.chapter_name as chapterName,
                aq.questionsCount as checklistQuestionCount
        FROM (
            SELECT *
            FROM (
                SELECT
                    checklist_id,
                    orig_id AS checklist_orig_id,
                    revision AS checklist_rev,
                    list_name,
                    c.division ,
                    c.deleted_at,
                    RANK() OVER (PARTITION BY orig_id ORDER BY checklist_id DESC) AS o_rank
                FROM tb_au_checklist c
                WHERE 1=1
                <if test="origId > 0">
                    AND c.orig_id = #{origId}
                </if>
                <if test="revision > 0">
                    AND c.revision = #{revision}
                </if>
            ) aa
            WHERE o_rank = 1
        ) cl
        LEFT OUTER JOIN (
            SELECT *
            FROM (
                SELECT
                    chapter_id,
                    orig_id AS chapter_orig_id,
                    checklist_orig_id,
                    revision AS chapter_rev,
                    chapter_name,
                    c.deleted_at as deleted_at,
                    RANK() OVER (PARTITION BY orig_id ORDER BY chapter_id DESC) AS o_rank
                FROM tb_au_chapter c
                <if test="revision > 0">
                    WHERE c.checklist_revision <![CDATA[<=]]> #{revision}
                </if>
            ) aa
            WHERE aa.o_rank = 1
            AND aa.deleted_at is null
        ) ch
        ON cl.checklist_orig_id = ch.checklist_orig_id
        LEFT OUTER JOIN (
            select
            aa.chapter_orig_id as chapter_orig_id,
            aa.deleted_at as deleted_at,
            count(*) as questionsCount
            from
            (
                select
                aq.chapter_orig_id as chapter_orig_id,
                aq.deleted_at as deleted_at,
                rank() over(partition by aq.orig_id order by aq.revision desc) as o_rank
                from tb_au_question aq
                <if test="revision > 0">
                   WHERE aq.checklist_revision <![CDATA[<=]]> #{revision}
               </if>
            ) aa
            WHERE aa.o_rank = 1
            AND aa.deleted_at is null
            group by aa.chapter_orig_id, aa.deleted_at
        ) aq
        on ch.chapter_orig_id = aq.chapter_orig_id
        AND aq.deleted_at is null
        WHERE cl.division = #{division}
        AND cl.deleted_at is null
        ORDER BY cl.checklist_orig_id asc
    </select>

    <select id="selectAuditChecklistRevision" parameterType="int" resultType="com.koreanair.ksms.avn.audit.vo.ChecklistRevisionsVo">
        SELECT
                rank() OVER (PARTITION BY ac.orig_id) AS m_rank,
                ac.orig_id as checklistOriginId,
                ac.revision
        FROM tb_au_checklist ac
        WHERE ac.deleted_at IS NULL
        AND ac.state::text = 'active'::text
        and ac.orig_id = #{checklistOriginId}
        ORDER BY ac.revision
    </select>

    <select id="selectAuditQuestionList" parameterType="com.koreanair.ksms.avn.audit.dto.TBAuditChapterDto" resultType="com.koreanair.ksms.avn.audit.dto.TBAuditQuestionDto">
        SELECT * FROM (
            SELECT
                aqt.question_id as questionId
                , aqt.orig_id as origId
                , aqt.chapter_orig_id as chapterOrigId
                , aqt.revision as revision
                , aqt.checklist_revision as checklistRevision
                , aqt."content" as content
                , aqt.ref_manual as refManual
                , aqt.view_order as viewOrder
                , aqt.notes as notes
                , aqt.priority as priority
                , aqt.probability as probability
                , aqt.severity as severity
                , (select code_name_kor from TB_SYS_CODE TSC where code_grp_id = 'CODE_GRP_314' and code_id = aqt.priority) as priorityNm
                , (select code_name_kor from TB_SYS_CODE TSC where code_grp_id = 'CODE_GRP_315' and code_id = aqt.probability) as probabilityNm
                , (select code_name_kor from TB_SYS_CODE TSC where code_grp_id = 'CODE_GRP_316' and code_id = aqt.severity) as severityNm
                , aqt.state as state
                , aqt.reg_user_id as regUserId
                , aqt.reg_dttm as regDttm
                , aqt.upd_user_id as updUserId
                , aqt.upd_dttm as updDttm
                , aqt.deleted_at as deletedAt
                , row_number() OVER (PARTITION BY aqt.orig_id ORDER BY aqt.revision desc) AS rnum
            FROM tb_au_question aqt
            INNER JOIN tb_au_chapter acp
            ON aqt.chapter_orig_id =acp.orig_id
            AND acp.chapter_id = #{chapterId}
            AND aqt.checklist_revision = #{revision}
            ORDER BY aqt.view_order asc
        ) T1
        WHERE T1.rnum =1
    </select>

</mapper>
