<?xml version="1.0" encoding="UTF-8" ?>
<!DOCTYPE mapper PUBLIC "-//mybatis.org//DTD Mapper 3.0//EN" "http://mybatis.org/dtd/mybatis-3-mapper.dtd">
<mapper namespace="com.koreanair.ksms.batch.mapper.SampleMapper">
    <select id="selectEmployeeTable" resultType="com.koreanair.ksms.batch.entity.SampleEntity">
        SELECT employee_number, employee_name, employee_email, employee_phone, employee_department
        FROM employee_source_table
    </select>

    <insert id="insertEmployeeTable" parameterType="com.koreanair.ksms.batch.entity.SampleEntity">
        INSERT INTO employee_target_table
        (employee_number, employee_name, employee_email, employee_phone, employee_department)
        VALUES
        (#{employeeNumber}, #{employeeName}, #{employeeEmail}, #{employeePhone}, #{employeeDepartment})
    </insert>

    <delete id="deleteSample" parameterType="com.koreanair.ksms.batch.entity.SampleEntity">
        DELETE FROM  employee_target_table
    </delete>

    <insert id="insertEmployeeTableTasklet" parameterType="java.util.List">
        INSERT INTO employee_target_table (
        employee_number,
        employee_name,
        employee_email,
        employee_phone,
        employee_department
        ) VALUES
        <foreach collection="list" item="item" separator=",">
            (
            #{item.employeeNumber},
            #{item.employeeName},
            #{item.employeeEmail},
            #{item.employeePhone},
            #{item.employeeDepartment}
            )
        </foreach>
    </insert>

</mapper>
