<?xml version="1.0" encoding="UTF-8"?>
<!DOCTYPE mapper PUBLIC "-//mybatis.org//DTD Mapper 3.0//EN" "http://mybatis.org/dtd/mybatis-3-mapper.dtd">
<mapper namespace="SystemGroup">

    <select id="selectVirtualGroupList" parameterType="map" resultType="com.koreanair.ksms.system.dto.TbSysVirtualGroupDto">
        select *
        from tb_sys_group
        where 1=1
        <if test = "workScope != null and workScope != ''">
            and work_scope = #{workScope}
        </if>
        <if test = "groupUsage != null and groupUsage != ''">
            and group_usage = #{groupUsage}
        </if>
        <if test = "searchWord != null and searchWord != ''">
            and (
            group_cd like '%'||#{searchWord}||'%' or
            name_kor like '%'||#{searchWord}||'%' or
            name_eng like '%'||#{searchWord}||'%'
            )
        </if>
        order by work_scope, group_cd
    </select>

    <select id="selectVirtualGroup" parameterType="string" resultType="com.koreanair.ksms.system.dto.TbSysVirtualGroupDto">
        select *
        from tb_sys_group
        where group_cd = #{groupCd}
    </select>

    <insert id="insertVirtualGroup" parameterType="com.koreanair.ksms.system.dto.TbSysVirtualGroupDto">
        INSERT INTO tb_sys_group (
        group_cd
        , work_scope
        , group_usage
        , name_kor
        , name_eng
        , name_chn
        , name_jpn
        , name_etc
        , remark
        , use_yn
        , audit_admin_yn
        , report_type
        , reg_user_id
        , upd_user_id
        ) VALUES (
        #{groupCd}
        , #{workScope}
        , #{groupUsage}
        , #{nameKor}
        , #{nameEng}
        , #{nameChn}
        , #{nameJpn}
        , #{nameEtc}
        , #{remark}
        , #{useYn}
        , #{auditAdminYn}
        , #{reportType}
        , #{regUserId}
        , #{updUserId}
        );
    </insert>

    <update id="updateVirtualGroup" parameterType="com.koreanair.ksms.system.dto.TbSysVirtualGroupDto">
        UPDATE tb_sys_group
        SET work_scope = #{workScope}
        , group_usage = #{groupUsage}
        , name_kor = #{nameKor}
        , name_eng = #{nameEng}
        , name_chn = #{nameChn}
        , name_jpn = #{nameJpn}
        , name_etc = #{nameEtc}
        , remark = #{remark}
        , use_yn = #{useYn}
        , audit_admin_yn = #{auditAdminYn}
        , report_type = #{reportType}
        , upd_user_id = #{updUserId}
        , upd_dttm = now()
        WHERE group_cd = #{groupCd}
    </update>

    <delete id="deleteVirtualGroup" parameterType="string">
        delete from tb_sys_group_dept where group_cd = #{groupCd};
        delete from tb_sys_group_user where group_cd = #{groupCd};
        delete from tb_sys_group_menu where group_cd = #{groupCd};

        delete from tb_sys_group where group_cd = #{groupCd};
    </delete>

    <!-- ********************************************************************************************************* -->

    <select id="selectVirtualGroupMenuList" parameterType="map" resultType="map">
        with recursive menu_tree(menu_id, upper_menu_id, name_kor, name_eng, menu_url, tree_type, sort_order, level, path, sort)
        as (
        select a.menu_id, a.upper_menu_id, a.name_kor, a.name_eng, a.menu_url, a.tree_type, a.sort_order, 0 as level, array[trim(a.menu_id)], '0' as sort
        from tb_sys_menu a
        where a.upper_menu_id = '0'
        and a.use_yn = 'Y'

        union all

        select a.menu_id, a.upper_menu_id, a.name_kor, a.name_eng, a.menu_url, a.tree_type, a.sort_order, t.level + 1 as level, t.path||trim(a.sort_order||a.menu_id), t.sort||trim(a.sort_order||a.menu_id) as sort
        from tb_sys_menu a
        join menu_tree t on a.upper_menu_id = t.menu_id
        where a.use_yn = 'Y'
        and a.upper_menu_id != '0'
        and a.work_scope = (select work_scope from tb_sys_group where group_cd = #{groupCd})
        )
        select t1.menu_id as "menuId"
        , t1.upper_menu_id as "upperMenuId"
        , t1.name_kor as "nameKor"
        , t1.name_eng as "nameEng"
        , t1.menu_url as "menuUrl"
        , t1.tree_type as "treeType"
        , t1.sort_order as "sortOrder"
        , t1.level
        , t1.sort
        , case when t2.menu_id is null then 'N' else 'Y' end as "menuAuthYn"
        , t3.work_scope as "workScope"
        from menu_tree t1
             inner join tb_sys_group_menu t2 on t1.menu_id = t2.menu_id and t2.group_cd = #{groupCd}
             inner join tb_sys_group t3 on t3.group_cd = t2.group_cd
        order by path
    </select>

    <delete id="delVirtualGroupMenuList" parameterType="string">
        delete from tb_sys_group_menu where group_cd = #{groupCd};
    </delete>

    <insert id="addVirtualGroupMenuList" parameterType="map">
        insert into tb_sys_group_menu (
        group_cd
        ,menu_id
        ,reg_user_id
        ,upd_user_id
        ) values
        <foreach collection="list" item="item" separator=" , ">
            (#{groupCd}, #{item.menuId}, #{item.regUserId}, #{item.updUserId})
        </foreach>
    </insert>

    <delete id="delVirtualGroupMenu" parameterType="map">
        delete from tb_sys_group_menu
        where group_cd = #{groupCd}
        and menu_id = #{menuId}
    </delete>

    <!-- ********************************************************************************************************* -->

    <select id="selectVirtualGroupUserList" parameterType="string" resultType="com.koreanair.ksms.system.dto.TbSysUserDto">
        select b.*
        , a.group_cd
        , a.group_admin_yn
        , c.code_name_kor as "rank_nm_kor"
        , c.code_name_eng as "rank_nm_eng"
        , d.name_kor as "dept_nm_kor"
        , d.name_eng as "dept_nm_eng"
        from tb_sys_group_user a
             inner join tb_sys_user b on a.user_id = b.user_id
             left outer join tb_sys_code c on c.code_grp_id = 'RANK_CD' and c.code_id = b.rank_cd
             left outer join tb_sys_dept d on d.dept_cd = b.dept_cd
        where a.group_cd = #{groupCd}
    </select>

    <delete id="delVirtualGroupUserList" parameterType="string">
        delete from tb_sys_group_user where group_cd = #{groupCd};
    </delete>

    <insert id="addVirtualGroupUserList" parameterType="map">
        insert into tb_sys_group_user (
        group_cd
        ,user_id
        ,group_admin_yn
        ,reg_user_id
        ,upd_user_id
        ) values
        <foreach collection="list" item="item" separator=" , ">
            (#{groupCd}, #{item.userId}, #{item.groupAdminYn}, #{item.regUserId}, #{item.updUserId})
        </foreach>
    </insert>

    <delete id="delVirtualGroupUser" parameterType="map">
        delete from tb_sys_group_user
        where group_cd = #{groupCd}
        and user_id = #{userId}
    </delete>

    <!-- ********************************************************************************************************* -->

    <select id="selectVirtualGroupDeptList" parameterType="string" resultType="com.koreanair.ksms.system.dto.TbSysDeptDto">
        select b.*
        from tb_sys_group_dept a
        inner join tb_sys_dept b on a.dept_cd = b.dept_cd
        where a.group_cd = #{groupCd}
    </select>

    <delete id="delVirtualGroupDeptList" parameterType="string">
        delete from tb_sys_group_dept where group_cd = #{groupCd};
    </delete>

    <insert id="addVirtualGroupDeptList" parameterType="map">
        insert into tb_sys_group_dept (
        group_cd
        ,dept_cd
        ,reg_user_id
        ,upd_user_id
        ) values
        <foreach collection="list" item="item" separator=" , ">
            (#{groupCd}, #{item.deptCd}, #{item.regUserId}, #{item.updUserId})
        </foreach>
    </insert>

    <delete id="delVirtualGroupDept" parameterType="map">
        delete from tb_sys_group_dept
        where group_cd = #{groupCd}
        and dept_cd = #{deptCd}
    </delete>
</mapper>
