<?xml version="1.0" encoding="UTF-8"?>
<!DOCTYPE mapper PUBLIC "-//mybatis.org//DTD Mapper 3.0//EN" "http://mybatis.org/dtd/mybatis-3-mapper.dtd">
<mapper namespace="CommonFile">

    <select id="selectFileGroupList" resultType="com.koreanair.ksms.common.dto.TbSysFileDto">
        select a.*
        from tb_sys_file_group a
    </select>

    <select id="selectFileList" parameterType="int" resultType="com.koreanair.ksms.common.dto.TbSysFileDto">
        select a.*
        from tb_sys_file a
        where a.file_group_seq = #{fileGroupSeq}
        and a.use_yn = 'Y'
        order by a.file_seq
    </select>

    <select id="selectFileInfo" parameterType="int" resultType="com.koreanair.ksms.common.dto.TbSysFileDto">
        select a.*
        from tb_sys_file a
        where a.file_seq = #{fileSeq}
    </select>

    <select id="checkFileGroupSeq" parameterType="int" resultType="int">
        select count(*) as cnt
        from tb_sys_file_group a
        where a.file_group_seq = #{fileGroupSeq}
    </select>

    <insert id="makeFileGroup" parameterType="String" useGeneratedKeys="true" keyProperty="fileGroupSeq">
        insert into tb_sys_file_group (
        work_scope
        ,reg_user_id
        ) values (
        #{workScope}
        ,#{regUserId}
        )
    </insert>

    <insert id="insertFileInfo" parameterType="com.koreanair.ksms.common.dto.TbSysFileDto">
        insert into tb_sys_file (
            file_group_seq
            ,orig_filename
            ,file_ext
            ,file_size
            ,s3_path
            ,file_oid
        ) values (
            #{fileGroupSeq}
            ,#{origFilename}
            ,#{fileExt}
            ,#{fileSize}
            ,#{s3Path}
            ,#{fileOid}
        )
    </insert>

    <update id="deleteFileInfo" parameterType="map">
        update tb_sys_file set
        use_yn = 'N'
        ,upd_user_id = #{updUserId}
        ,upd_dttm = now()
        where file_seq = #{fileSeq}
    </update>
</mapper>
