<?xml version="1.0" encoding="UTF-8"?>
<!DOCTYPE mapper PUBLIC "-//mybatis.org//DTD Mapper 3.0//EN" "http://mybatis.org/dtd/mybatis-3-mapper.dtd">
<mapper namespace="KsmsCommon">

    <select id="selectLeftMenu" parameterType="string" resultType="map">
        with recursive menu_tree(menu_id, upper_menu_id, name_kor, name_eng, menu_url, tree_type, sort_order, level, path, sort)
        as (
        select a.menu_id, a.upper_menu_id, a.name_kor, a.name_eng, a.menu_url, a.tree_type, a.sort_order, 0 as level, array[trim(a.menu_id)], '0' as sort
        from tb_sys_menu a
        where a.upper_menu_id = '0'
        and a.use_yn = 'Y'

        union all

        select a.menu_id, a.upper_menu_id, a.name_kor, a.name_eng, a.menu_url, a.tree_type, a.sort_order, t.level + 1 as level, t.path||trim(a.sort_order||a.menu_id), t.sort||trim(a.sort_order||a.menu_id) as sort
        from tb_sys_menu a
        join menu_tree t on a.upper_menu_id = t.menu_id
        where a.use_yn = 'Y'
        and a.upper_menu_id != '0'
        and a.work_scope = #{workScope}
        )
        select menu_id as "menuId"
        , upper_menu_id as "upperMenuId"
        , name_kor as "nameKor"
        , name_eng as "nameEng"
        , menu_url as "menuUrl"
        , tree_type as "treeType"
        , sort_order as "sortOrder"
        , level
        , sort
        from menu_tree
        order by path
    </select>

    <select id="selectCodeGroupList" parameterType="string" resultType="com.koreanair.ksms.common.dto.TbSysCodeGroupDto">
        select *
        from tb_sys_code_group
        where use_yn = 'Y'
        order by code_grp_id
    </select>

    <select id="selectCodeList" parameterType="string" resultType="com.koreanair.ksms.common.dto.TbSysCodeDto">
        select *
        from tb_sys_code
        where code_grp_id = #{codeGrpId}
        and use_yn = 'Y'
        order by sort_order
    </select>

    <select id="selectCodeListAll" parameterType="string" resultType="com.koreanair.ksms.common.dto.TbSysCodeDto">
        select a.code_grp_id
        ,a.code_id
        ,a.code_name_kor
        ,a.code_name_eng
        ,a.code_field1
        ,a.code_field2
        ,a.code_field3
        ,a.code_field4
        ,a.code_field5
        ,a.sort_order
        ,a.remark
        ,b.code_grp_name_kor
        ,b.code_grp_name_eng
        from tb_sys_code a
             inner join tb_sys_code_group b on a.code_grp_id = b.code_grp_id
        where a.use_yn = 'Y'
        and b.use_yn = 'Y'
        order by b.code_grp_id, a.sort_order
    </select>

    <select id="selectDeptList" parameterType="string" resultType="com.koreanair.ksms.common.dto.TbSysDeptDto">
        select *
        from tb_sys_dept
        order by dept_cd
    </select>

    <select id="selectUserList" parameterType="map" resultType="com.koreanair.ksms.common.dto.TbSysUserDto">
        select a.*
        , c.code_name_kor as "rank_nm_kor"
        , c.code_name_eng as "rank_nm_eng"
        , d.name_kor as "dept_nm_kor"
        , d.name_eng as "dept_nm_eng"
        from tb_sys_user a
        left outer join tb_sys_code c on c.code_grp_id = 'RANK_CD' and c.code_id = a.rank_cd
        left outer join tb_sys_dept d on d.dept_cd = a.dept_cd
        where 1=1
        <if test = "searchWord != null and searchWord != ''">
            and (
            a.name_kor like '%'||#{searchWord}||'%' or
            a.name_eng like '%'||#{searchWord}||'%'
            )
        </if>
        <if test = "deptCd != null and deptCd != ''">
            and a.dept_cd = #{deptCd}
        </if>
        order by a.name_kor
    </select>

</mapper>
